{
    "trial_1": {
        "value": 3077.35,
        "params": {
            "learning_rate": 0.00017373694615930332,
            "gamma": 0.9599469703969145,
            "ent_coef": 0.07167805695810835,
            "n_steps": 6,
            "vf_coef": 0.7133183511007274
        },
        "number": 22
    },
    "trial_2": {
        "value": 3051.5,
        "params": {
            "learning_rate": 2.9375384576328295e-05,
            "gamma": 0.811326304372799,
            "ent_coef": 0.17323522915498704,
            "n_steps": 14,
            "vf_coef": 0.737265320016441
        },
        "number": 1
    },
    "trial_3": {
        "value": 3044.35,
        "params": {
            "learning_rate": 0.0002922229294309614,
            "gamma": 0.9647427348832639,
            "ent_coef": 0.12448541602712244,
            "n_steps": 5,
            "vf_coef": 0.6052695057587476
        },
        "number": 19
    }
}