{
    "trial_1": {
        "value": 2480.0,
        "params": {
            "learning_rate": 0.0001329291894316216,
            "gamma": 0.9853892897499337,
            "ent_coef": 0.146398788362281,
            "n_steps": 14,
            "vf_coef": 0.24041677639819287
        },
        "number": 0
    }
}