{
    "trial_1": {
        "value": 2540.0,
        "params": {
            "learning_rate": 0.001331121608073689,
            "gamma": 0.8040139763876816,
            "ent_coef": 0.19398197043239887,
            "clip_range": 0.34973279224012654,
            "gae_lambda": 0.8797274754949587,
            "vf_coef": 0.26364247048639056,
            "batch_size": 256
        },
        "number": 1
    }
}