{
    "trial_1": {
        "value": 4021.8,
        "params": {
            "learning_rate": 4.698088329030802e-05,
            "gamma": 0.827879169635984,
            "ent_coef": 0.07944990836991445,
            "clip_range": 0.3764351223986002,
            "gae_lambda": 0.9894423785105699,
            "vf_coef": 0.3285597028299988,
            "batch_size": 128
        },
        "number": 15
    },
    "trial_2": {
        "value": 3088.35,
        "params": {
            "learning_rate": 0.0004457462750310794,
            "gamma": 0.8403486130369671,
            "ent_coef": 0.09440056718042375,
            "clip_range": 0.25411281004556163,
            "gae_lambda": 0.9121638437101026,
            "vf_coef": 0.25711570135232,
            "batch_size": 256
        },
        "number": 34
    },
    "trial_3": {
        "value": 3083.95,
        "params": {
            "learning_rate": 0.00018938033409567515,
            "gamma": 0.837678048934089,
            "ent_coef": 0.0877758143201896,
            "clip_range": 0.31007148914530425,
            "gae_lambda": 0.9160447986985416,
            "vf_coef": 0.22158525149050512,
            "batch_size": 128
        },
        "number": 28
    }
}